case,r1_result,naive_generated_result,dag_result,max_error_including_Op,status
HS_n1_b1/DEV/base,(0.05054715936426681+0j),(0.05054715936426681+0j),(0.05054715936426681+0j),0.0,PASS
HS_n1_b1/DEV/change_k,(0.050353081003951354+0j),(0.050353081003951354+0j),(0.050353081003951354+0j),0.0,PASS
HS_n1_b1/DEV/change_q,(0.050353081003951354+0j),(0.050353081003951354+0j),(0.050353081003951354+0j),0.0,PASS
HS_n1_b1/DEV/change_tau,(0.026917140322685978+0j),(0.026917140322685978+0j),(0.026917140322685978+0j),0.0,PASS
HS_n1_b1/DEV/change_t,(0.05054715936426681+0j),(0.05054715936426681+0j),(0.05054715936426681+0j),0.0,PASS
HS_n1_b1/DEV/change_omega,(0.05055688289456249+0j),(0.05055688289456249+0j),(0.05055688289456249+0j),0.0,PASS
HS_n1_b1/DEV/change_g,(0.039938496287815754+0j),(0.039938496287815754+0j),(0.039938496287815754+0j),0.0,PASS
HS_n1_b1/DEV/g_zero,0j,0j,0j,0.0,PASS
HS_n1_b1/DEV/joint_parameters,(0.12225284332121454+0j),(0.12225284332121454+0j),(0.12225284332121454+0j),0.0,PASS
HS_n1_b1/DEV/joint_sample,(0.007181401461657051+0j),(0.007181401461657051+0j),(0.007181401461657051+0j),0.0,PASS
HS_n1_b1/DEV/repeat_q_then_separate,(0.050353081003951354+0j),(0.050353081003951354+0j),(0.050353081003951354+0j),0.0,PASS
HS_n1_b1/DEV/repeat_dtau_then_separate,(0.044187658269741414+0j),(0.044187658269741414+0j),(0.044187658269741414+0j),0.0,PASS
HS_n1_b1/DEV/change_L_analytic,(0.025273579682133403+0j),(0.025273579682133403+0j),(0.025273579682133403+0j),0.0,PASS
HS_n1_b1/DEV/small_nonzero_g,(2.4961560179884845e-17+0j),(2.4961560179884845e-17+0j),(2.4961560179884845e-17+0j),0.0,PASS
HS_n1_b1/DEV/longer_legal_intervals,(0.015900672297990852+0j),(0.015900672297990852+0j),(0.015900672297990852+0j),0.0,PASS
HS_n1_b1/DEV/same_input_repeat,(0.05054715936426681+0j),(0.05054715936426681+0j),(0.05054715936426681+0j),0.0,PASS
HS_n1_b1/RESERVED_CONFIRMATION/base,(0.02036235747256398+0j),(0.02036235747256398+0j),(0.02036235747256398+0j),0.0,PASS
HS_n1_b1/RESERVED_CONFIRMATION/change_k,(0.02976015110266724+0j),(0.02976015110266724+0j),(0.02976015110266724+0j),0.0,PASS
HS_n1_b1/RESERVED_CONFIRMATION/change_q,(0.04349528755925849+0j),(0.04349528755925849+0j),(0.04349528755925849+0j),0.0,PASS
HS_n1_b1/RESERVED_CONFIRMATION/change_tau,(0.0011437953593981128+0j),(0.0011437953593981128+0j),(0.0011437953593981128+0j),0.0,PASS
HS_n1_b1/RESERVED_CONFIRMATION/change_t,(0.01621600287819447+0j),(0.01621600287819447+0j),(0.01621600287819447+0j),0.0,PASS
HS_n1_b1/RESERVED_CONFIRMATION/change_omega,(0.02075240388911301+0j),(0.02075240388911301+0j),(0.02075240388911301+0j),0.0,PASS
HS_n1_b1/RESERVED_CONFIRMATION/change_g,(0.016088776274618452+0j),(0.016088776274618452+0j),(0.016088776274618452+0j),0.0,PASS
HS_n1_b1/RESERVED_CONFIRMATION/g_zero,0j,0j,0j,0.0,PASS
HS_n1_b1/RESERVED_CONFIRMATION/joint_parameters,(0.03886822323504922+0j),(0.03886822323504922+0j),(0.03886822323504922+0j),0.0,PASS
HS_n1_b1/RESERVED_CONFIRMATION/joint_sample,(0.007181401461657051+0j),(0.007181401461657051+0j),(0.007181401461657051+0j),0.0,PASS
HS_n1_b1/RESERVED_CONFIRMATION/repeat_q_then_separate,(0.029760151102667238+0j),(0.029760151102667238+0j),(0.029760151102667238+0j),0.0,PASS
HS_n1_b1/RESERVED_CONFIRMATION/repeat_dtau_then_separate,(0.022386218532294867+0j),(0.022386218532294867+0j),(0.022386218532294867+0j),0.0,PASS
HS_n1_b1/RESERVED_CONFIRMATION/change_L_analytic,(0.014880075551333619+0j),(0.014880075551333619+0j),(0.014880075551333619+0j),0.0,PASS
HS_n1_b1/RESERVED_CONFIRMATION/small_nonzero_g,(1.0055485171636533e-17+0j),(1.0055485171636533e-17+0j),(1.0055485171636533e-17+0j),0.0,PASS
HS_n1_b1/RESERVED_CONFIRMATION/longer_legal_intervals,(4.860352208655832e-05+0j),(4.860352208655832e-05+0j),(4.860352208655832e-05+0j),0.0,PASS
HS_n1_b1/RESERVED_CONFIRMATION/same_input_repeat,(0.02036235747256398+0j),(0.02036235747256398+0j),(0.02036235747256398+0j),0.0,PASS
HS_n2_b1/DEV/base,(0.003835721205083103+0j),(0.003835721205083103+0j),(0.003835721205083103+0j),0.0,PASS
HS_n2_b1/DEV/change_k,(0.00014796337723198207+0j),(0.00014796337723198207+0j),(0.00014796337723198207+0j),0.0,PASS
HS_n2_b1/DEV/change_q,(0.00037463997261372606+0j),(0.00037463997261372606+0j),(0.00037463997261372606+0j),0.0,PASS
HS_n2_b1/DEV/change_tau,(0.004828315759014948+0j),(0.004828315759014947+0j),(0.004828315759014947+0j),8.673617379884035e-19,PASS
HS_n2_b1/DEV/change_t,(0.003835721205083103+0j),(0.003835721205083103+0j),(0.003835721205083103+0j),0.0,PASS
HS_n2_b1/DEV/change_omega,(0.0035236481655610712+0j),(0.0035236481655610712+0j),(0.0035236481655610712+0j),0.0,PASS
HS_n2_b1/DEV/change_g,(0.022458933975685484+0j),(0.022458933975685484+0j),(0.022458933975685484+0j),0.0,PASS
HS_n2_b1/DEV/g_zero,0j,0j,0j,0.0,PASS
HS_n2_b1/DEV/joint_parameters,(0.01818182213627172+0j),(0.01818182213627172+0j),(0.01818182213627172+0j),0.0,PASS
HS_n2_b1/DEV/joint_sample,(0.001894412421181886+0j),(0.0018944124211818863+0j),(0.0018944124211818863+0j),2.168404344971009e-19,PASS
HS_n2_b1/DEV/repeat_q_then_separate,(0.003835721205083103+0j),(0.003835721205083103+0j),(0.003835721205083103+0j),0.0,PASS
HS_n2_b1/DEV/repeat_dtau_then_separate,(0.004927664913080955+0j),(0.0049276649130809555+0j),(0.0049276649130809555+0j),8.673617379884035e-19,PASS
HS_n2_b1/DEV/change_L_analytic,(0.0009589303012707757+0j),(0.0009589303012707757+0j),(0.0009589303012707757+0j),0.0,PASS
HS_n2_b1/DEV/small_nonzero_g,(9.353991660010617e-34+0j),(9.353991660010617e-34+0j),(9.353991660010617e-34+0j),0.0,PASS
HS_n2_b1/DEV/longer_legal_intervals,(0.003458550134058782+0j),(0.0034585501340587818+0j),(0.0034585501340587818+0j),4.336808689942018e-19,PASS
HS_n2_b1/DEV/same_input_repeat,(0.003835721205083103+0j),(0.003835721205083103+0j),(0.003835721205083103+0j),0.0,PASS
HS_n2_b1/RESERVED_CONFIRMATION/base,(0.005309302340981862+0j),(0.005309302340981862+0j),(0.005309302340981862+0j),0.0,PASS
HS_n2_b1/RESERVED_CONFIRMATION/change_k,(0.005662373762008343+0j),(0.005662373762008343+0j),(0.005662373762008343+0j),0.0,PASS
HS_n2_b1/RESERVED_CONFIRMATION/change_q,(0.005491745174293475+0j),(0.005491745174293476+0j),(0.005491745174293476+0j),8.673617379884035e-19,PASS
HS_n2_b1/RESERVED_CONFIRMATION/change_tau,(0.0020755524454569426+0j),(0.0020755524454569426+0j),(0.0020755524454569426+0j),0.0,PASS
HS_n2_b1/RESERVED_CONFIRMATION/change_t,(0.00471950371764859+0j),(0.00471950371764859+0j),(0.00471950371764859+0j),0.0,PASS
HS_n2_b1/RESERVED_CONFIRMATION/change_omega,(0.005240273751881882+0j),(0.0052402737518818816+0j),(0.0052402737518818816+0j),8.673617379884035e-19,PASS
HS_n2_b1/RESERVED_CONFIRMATION/change_g,(0.03108705360938259+0j),(0.03108705360938259+0j),(0.03108705360938259+0j),0.0,PASS
HS_n2_b1/RESERVED_CONFIRMATION/g_zero,0j,0j,0j,0.0,PASS
HS_n2_b1/RESERVED_CONFIRMATION/joint_parameters,(0.028183429609087193+0j),(0.028183429609087193+0j),(0.028183429609087193+0j),0.0,PASS
HS_n2_b1/RESERVED_CONFIRMATION/joint_sample,(0.0008327551176548954+0j),(0.0008327551176548952+0j),(0.0008327551176548952+0j),2.168404344971009e-19,PASS
HS_n2_b1/RESERVED_CONFIRMATION/repeat_q_then_separate,(0.005331895420915348+0j),(0.005331895420915347+0j),(0.005331895420915347+0j),8.673617379884035e-19,PASS
HS_n2_b1/RESERVED_CONFIRMATION/repeat_dtau_then_separate,(0.001622282950522007+0j),(0.0016222829505220067+0j),(0.0016222829505220067+0j),4.336808689942018e-19,PASS
HS_n2_b1/RESERVED_CONFIRMATION/change_L_analytic,(0.001313335833291611+0j),(0.0013133358332916107+0j),(0.0013133358332916107+0j),2.168404344971009e-19,PASS
HS_n2_b1/RESERVED_CONFIRMATION/small_nonzero_g,(1.2947544193828653e-33+0j),(1.2947544193828653e-33+0j),(1.2947544193828653e-33+0j),0.0,PASS
HS_n2_b1/RESERVED_CONFIRMATION/longer_legal_intervals,(0.000862207789490643+0j),(0.000862207789490643+0j),(0.000862207789490643+0j),0.0,PASS
HS_n2_b1/RESERVED_CONFIRMATION/same_input_repeat,(0.005309302340981862+0j),(0.005309302340981862+0j),(0.005309302340981862+0j),0.0,PASS
HS_n3_b1/DEV/base,(0.00023812627788467457+0j),(0.00023812627788467454+0j),(0.00023812627788467454+0j),2.710505431213761e-20,PASS
HS_n3_b1/DEV/change_k,(0.0005295230107755038+0j),(0.0005295230107755037+0j),(0.0005295230107755037+0j),1.0842021724855044e-19,PASS
HS_n3_b1/DEV/change_q,(0.00043041547655890374+0j),(0.0004304154765589038+0j),(0.0004304154765589038+0j),5.421010862427522e-20,PASS
HS_n3_b1/DEV/change_tau,(0.00018308227455897117+0j),(0.00018308227455897123+0j),(0.00018308227455897123+0j),5.421010862427522e-20,PASS
HS_n3_b1/DEV/change_t,(0.0001925077020372762+0j),(0.00019250770203727623+0j),(0.00019250770203727623+0j),2.710505431213761e-20,PASS
HS_n3_b1/DEV/change_omega,(0.0002805121366384115+0j),(0.0002805121366384115+0j),(0.0002805121366384115+0j),0.0,PASS
HS_n3_b1/DEV/change_g,(2.0905461981644973e-05+0j),(2.090546198164497e-05+0j),(2.090546198164497e-05+0j),3.3881317890172014e-21,PASS
HS_n3_b1/DEV/g_zero,0j,0j,0j,0.0,PASS
HS_n3_b1/DEV/joint_parameters,(0.0019325664660600082+0j),(0.0019325664660600082+0j),(0.0019325664660600082+0j),0.0,PASS
HS_n3_b1/DEV/joint_sample,(0.0002170465170118349+0j),(0.00021704651701183496+0j),(0.00021704651701183496+0j),5.421010862427522e-20,PASS
HS_n3_b1/DEV/repeat_q_then_separate,(0.00020631536022914406+0j),(0.00020631536022914398+0j),(0.00020631536022914398+0j),8.131516293641283e-20,PASS
HS_n3_b1/DEV/repeat_dtau_then_separate,(0.0001740675902553483+0j),(0.00017406759025534826+0j),(0.00017406759025534826+0j),2.710505431213761e-20,PASS
HS_n3_b1/DEV/change_L_analytic,(4.7364558940145553e-05+0j),(4.736455894014554e-05+0j),(4.736455894014554e-05+0j),1.3552527156068805e-20,PASS
HS_n3_b1/DEV/small_nonzero_g,(2.8676902581131624e-50+0j),(2.8676902581131624e-50+0j),(2.8676902581131624e-50+0j),0.0,PASS
HS_n3_b1/DEV/longer_legal_intervals,(3.769684351441828e-05+0j),(3.769684351441829e-05+0j),(3.769684351441829e-05+0j),6.776263578034403e-21,PASS
HS_n3_b1/DEV/same_input_repeat,(0.00023812627788467457+0j),(0.00023812627788467454+0j),(0.00023812627788467454+0j),2.710505431213761e-20,PASS
HS_n3_b1/RESERVED_CONFIRMATION/base,(0.00045077952604025346+0j),(0.00045077952604025346+0j),(0.00045077952604025346+0j),0.0,PASS
HS_n3_b1/RESERVED_CONFIRMATION/change_k,(0.00019541785707432742+0j),(0.00019541785707432745+0j),(0.00019541785707432745+0j),2.710505431213761e-20,PASS
HS_n3_b1/RESERVED_CONFIRMATION/change_q,(0.0005408562706665068+0j),(0.0005408562706665069+0j),(0.0005408562706665069+0j),1.0842021724855044e-19,PASS
HS_n3_b1/RESERVED_CONFIRMATION/change_tau,(0.0003638481514675976+0j),(0.00036384815146759764+0j),(0.00036384815146759764+0j),5.421010862427522e-20,PASS
HS_n3_b1/RESERVED_CONFIRMATION/change_t,(0.00039989840922221757+0j),(0.00039989840922221757+0j),(0.00039989840922221757+0j),0.0,PASS
HS_n3_b1/RESERVED_CONFIRMATION/change_omega,(0.0005308317426183472+0j),(0.0005308317426183472+0j),(0.0005308317426183472+0j),0.0,PASS
HS_n3_b1/RESERVED_CONFIRMATION/change_g,(3.9574608596126536e-05+0j),(3.9574608596126536e-05+0j),(3.9574608596126536e-05+0j),0.0,PASS
HS_n3_b1/RESERVED_CONFIRMATION/g_zero,0j,0j,0j,0.0,PASS
HS_n3_b1/RESERVED_CONFIRMATION/joint_parameters,(0.00427345461188488+0j),(0.004273454611884882+0j),(0.004273454611884882+0j),1.734723475976807e-18,PASS
HS_n3_b1/RESERVED_CONFIRMATION/joint_sample,(0.0001547694107787635+0j),(0.00015476941077876354+0j),(0.00015476941077876354+0j),2.710505431213761e-20,PASS
HS_n3_b1/RESERVED_CONFIRMATION/repeat_q_then_separate,(0.00024670660596383826+0j),(0.0002467066059638382+0j),(0.0002467066059638382+0j),5.421010862427522e-20,PASS
HS_n3_b1/RESERVED_CONFIRMATION/repeat_dtau_then_separate,(0.00031753585300963247+0j),(0.00031753585300963247+0j),(0.00031753585300963247+0j),0.0,PASS
HS_n3_b1/RESERVED_CONFIRMATION/change_L_analytic,(2.6118000035399722e-05+0j),(2.6118000035399726e-05+0j),(2.6118000035399726e-05+0j),3.3881317890172014e-21,PASS
HS_n3_b1/RESERVED_CONFIRMATION/small_nonzero_g,(5.428615719633265e-50+0j),(5.428615719633265e-50+0j),(5.428615719633265e-50+0j),0.0,PASS
HS_n3_b1/RESERVED_CONFIRMATION/longer_legal_intervals,(0.00011587505587361637+0j),(0.00011587505587361639+0j),(0.00011587505587361639+0j),1.3552527156068805e-20,PASS
HS_n3_b1/RESERVED_CONFIRMATION/same_input_repeat,(0.00045077952604025346+0j),(0.00045077952604025346+0j),(0.00045077952604025346+0j),0.0,PASS
HS_n4_b1/DEV/base,(0.00021651527667647456+0j),(0.00021651527667647467+0j),(0.00021651527667647467+0j),1.0842021724855044e-19,PASS
HS_n4_b1/DEV/change_k,(2.794917219622752e-05+0j),(2.794917219622755e-05+0j),(2.794917219622755e-05+0j),3.049318610115481e-20,PASS
HS_n4_b1/DEV/change_q,(1.0379292697115855e-05+0j),(1.0379292697115851e-05+0j),(1.0379292697115851e-05+0j),3.3881317890172014e-21,PASS
HS_n4_b1/DEV/change_tau,(0.000260461351847876+0j),(0.00026046135184787595+0j),(0.00026046135184787595+0j),5.421010862427522e-20,PASS
HS_n4_b1/DEV/change_t,(0.00021651527667647456+0j),(0.00021651527667647467+0j),(0.00021651527667647467+0j),1.0842021724855044e-19,PASS
HS_n4_b1/DEV/change_omega,(0.0001640949530366817+0j),(0.0001640949530366817+0j),(0.0001640949530366817+0j),0.0,PASS
HS_n4_b1/DEV/change_g,(0.021602714697127573+0j),(0.02160271469712758+0j),(0.02160271469712758+0j),6.938893903907228e-18,PASS
HS_n4_b1/DEV/g_zero,0j,0j,0j,0.0,PASS
HS_n4_b1/DEV/joint_parameters,(0.005253098537704679+0j),(0.005253098537704677+0j),(0.005253098537704677+0j),1.734723475976807e-18,PASS
HS_n4_b1/DEV/joint_sample,(6.967620862746169e-05+0j),(6.967620862746168e-05+0j),(6.967620862746168e-05+0j),1.3552527156068805e-20,PASS
HS_n4_b1/DEV/repeat_q_then_separate,(0.00021651527667647456+0j),(0.00021651527667647467+0j),(0.00021651527667647467+0j),1.0842021724855044e-19,PASS
HS_n4_b1/DEV/repeat_dtau_then_separate,(0.0001478402037310931+0j),(0.00014784020373109316+0j),(0.00014784020373109316+0j),5.421010862427522e-20,PASS
HS_n4_b1/DEV/change_L_analytic,(1.3532204792279652e-05+0j),(1.3532204792279658e-05+0j),(1.3532204792279658e-05+0j),6.776263578034403e-21,PASS
HS_n4_b1/DEV/small_nonzero_g,(1.2876221357063987e-65+0j),(1.2876221357063993e-65+0j),(1.2876221357063993e-65+0j),6.325318765938314e-81,PASS
HS_n4_b1/DEV/longer_legal_intervals,(0.00012174287288891341+0j),(0.00012174287288891335+0j),(0.00012174287288891335+0j),6.776263578034403e-20,PASS
HS_n4_b1/DEV/same_input_repeat,(0.00021651527667647456+0j),(0.00021651527667647467+0j),(0.00021651527667647467+0j),1.0842021724855044e-19,PASS
HS_n4_b1/RESERVED_CONFIRMATION/base,(8.451081949449138e-05+0j),(8.451081949449134e-05+0j),(8.451081949449134e-05+0j),4.0657581468206416e-20,PASS
HS_n4_b1/RESERVED_CONFIRMATION/change_k,(4.554108259169525e-05+0j),(4.5541082591695225e-05+0j),(4.5541082591695225e-05+0j),2.710505431213761e-20,PASS
HS_n4_b1/RESERVED_CONFIRMATION/change_q,(5.2063640036585545e-05+0j),(5.2063640036585545e-05+0j),(5.2063640036585545e-05+0j),0.0,PASS
HS_n4_b1/RESERVED_CONFIRMATION/change_tau,(0.00010608142566191856+0j),(0.00010608142566191854+0j),(0.00010608142566191854+0j),1.3552527156068805e-20,PASS
HS_n4_b1/RESERVED_CONFIRMATION/change_t,(5.354776103665948e-05+0j),(5.354776103665948e-05+0j),(5.354776103665948e-05+0j),0.0,PASS
HS_n4_b1/RESERVED_CONFIRMATION/change_omega,(6.730803850580403e-05+0j),(6.7308038505804e-05+0j),(6.7308038505804e-05+0j),2.710505431213761e-20,PASS
HS_n4_b1/RESERVED_CONFIRMATION/change_g,(0.008432029140779384+0j),(0.00843202914077938+0j),(0.00843202914077938+0j),3.469446951953614e-18,PASS
HS_n4_b1/RESERVED_CONFIRMATION/g_zero,0j,0j,0j,0.0,PASS
HS_n4_b1/RESERVED_CONFIRMATION/joint_parameters,(0.0018033890066655144+0j),(0.0018033890066655157+0j),(0.0018033890066655157+0j),1.3010426069826053e-18,PASS
HS_n4_b1/RESERVED_CONFIRMATION/joint_sample,(7.062190397493596e-05+0j),(7.0621903974936e-05+0j),(7.0621903974936e-05+0j),4.0657581468206416e-20,PASS
HS_n4_b1/RESERVED_CONFIRMATION/repeat_q_then_separate,(0.0002236408763561837+0j),(0.00022364087635618377+0j),(0.00022364087635618377+0j),5.421010862427522e-20,PASS
HS_n4_b1/RESERVED_CONFIRMATION/repeat_dtau_then_separate,(2.9558780165744294e-05+0j),(2.955878016574431e-05+0j),(2.955878016574431e-05+0j),1.6940658945086007e-20,PASS
HS_n4_b1/RESERVED_CONFIRMATION/change_L_analytic,(7.833330872478936e-06+0j),(7.833330872478936e-06+0j),(7.833330872478936e-06+0j),0.0,PASS
HS_n4_b1/RESERVED_CONFIRMATION/small_nonzero_g,(5.025881016718972e-66+0j),(5.02588101671897e-66+0j),(5.02588101671897e-66+0j),2.1084395886461046e-81,PASS
HS_n4_b1/RESERVED_CONFIRMATION/longer_legal_intervals,(2.572665466392377e-05+0j),(2.572665466392377e-05+0j),(2.572665466392377e-05+0j),0.0,PASS
HS_n4_b1/RESERVED_CONFIRMATION/same_input_repeat,(8.451081949449138e-05+0j),(8.451081949449134e-05+0j),(8.451081949449134e-05+0j),4.0657581468206416e-20,PASS
HT_n1_b2/DEV/base,(0.10104575201940723+0j),(0.10104575201940723+0j),(0.10104575201940723+0j),6.776263578034403e-21,PASS
HT_n1_b2/DEV/change_k,(0.10065778177309836+0j),(0.10065778177309836+0j),(0.10065778177309836+0j),6.938893903907228e-18,PASS
HT_n1_b2/DEV/change_q,(0.10065778177309836+0j),(0.10065778177309836+0j),(0.10065778177309836+0j),6.938893903907228e-18,PASS
HT_n1_b2/DEV/change_tau,(0.046763606215366474+0j),(0.04676360621536648+0j),(0.04676360621536648+0j),6.938893903907228e-18,PASS
HT_n1_b2/DEV/change_t,(0.10104575201940723+0j),(0.10104575201940723+0j),(0.10104575201940723+0j),6.776263578034403e-21,PASS
HT_n1_b2/DEV/change_omega,(0.10106518973743864+0j),(0.10106518973743862+0j),(0.10106518973743862+0j),1.3877787807814457e-17,PASS
HT_n1_b2/DEV/change_g,(0.07983861887953164+0j),(0.07983861887953164+0j),(0.07983861887953164+0j),3.3881317890172014e-21,PASS
HT_n1_b2/DEV/g_zero,0j,0j,0j,0.0,PASS
HT_n1_b2/DEV/joint_parameters,(0.24438822369582375+0j),(0.24438822369582378+0j),(0.24438822369582378+0j),2.7755575615628914e-17,PASS
HT_n1_b2/DEV/joint_sample,(0.01261152984813934+0j),(0.01261152984813934+0j),(0.01261152984813934+0j),8.673617379884035e-19,PASS
HT_n1_b2/DEV/repeat_q_then_separate,(0.10065778177309836+0j),(0.10065778177309836+0j),(0.10065778177309836+0j),6.938893903907228e-18,PASS
HT_n1_b2/DEV/repeat_dtau_then_separate,(0.08492458074687873+0j),(0.08492458074687873+0j),(0.08492458074687873+0j),6.938893903907228e-18,PASS
HT_n1_b2/DEV/change_L_analytic,(0.05052287600970361+0j),(0.05052287600970361+0j),(0.05052287600970361+0j),3.469446951953614e-18,PASS
HT_n1_b2/DEV/small_nonzero_g,(4.989913679970728e-17+0j),(4.989913679970728e-17+0j),(4.989913679970728e-17+0j),3.0814879110195774e-33,PASS
HT_n1_b2/DEV/longer_legal_intervals,(0.026577937116529983+0j),(0.02657793711652998+0j),(0.02657793711652998+0j),3.469446951953614e-18,PASS
HT_n1_b2/DEV/same_input_repeat,(0.10104575201940723+0j),(0.10104575201940723+0j),(0.10104575201940723+0j),6.776263578034403e-21,PASS
HT_n1_b2/RESERVED_CONFIRMATION/base,(0.03896743641326752+0j),(0.03896743641326752+0j),(0.03896743641326752+0j),2.168404344971009e-19,PASS
HT_n1_b2/RESERVED_CONFIRMATION/change_k,(0.056951990814666495+0j),(0.056951990814666495+0j),(0.056951990814666495+0j),2.168404344971009e-19,PASS
HT_n1_b2/RESERVED_CONFIRMATION/change_q,(0.08323691667459826+0j),(0.08323691667459826+0j),(0.08323691667459826+0j),6.938893903907228e-18,PASS
HT_n1_b2/RESERVED_CONFIRMATION/change_tau,(0.001987135153907+0j),(0.001987135153907+0j),(0.001987135153907+0j),1.0842021724855044e-19,PASS
HT_n1_b2/RESERVED_CONFIRMATION/change_t,(0.03103255906811459+0j),(0.03103255906811459+0j),(0.03103255906811459+0j),0.0,PASS
HT_n1_b2/RESERVED_CONFIRMATION/change_omega,(0.03971386810496022+0j),(0.03971386810496022+0j),(0.03971386810496022+0j),2.168404344971009e-19,PASS
HT_n1_b2/RESERVED_CONFIRMATION/change_g,(0.030789085561100264+0j),(0.030789085561100264+0j),(0.030789085561100264+0j),1.734723475976807e-18,PASS
HT_n1_b2/RESERVED_CONFIRMATION/g_zero,0j,0j,0j,0.0,PASS
HT_n1_b2/RESERVED_CONFIRMATION/joint_parameters,(0.07438210528664063+0j),(0.07438210528664063+0j),(0.07438210528664063+0j),4.336808689942018e-19,PASS
HT_n1_b2/RESERVED_CONFIRMATION/joint_sample,(0.01261152984813934+0j),(0.01261152984813934+0j),(0.01261152984813934+0j),8.673617379884035e-19,PASS
HT_n1_b2/RESERVED_CONFIRMATION/repeat_q_then_separate,(0.05695199081466647+0j),(0.05695199081466648+0j),(0.05695199081466648+0j),1.3877787807814457e-17,PASS
HT_n1_b2/RESERVED_CONFIRMATION/repeat_dtau_then_separate,(0.04302423567589235+0j),(0.04302423567589235+0j),(0.04302423567589235+0j),0.0,PASS
HT_n1_b2/RESERVED_CONFIRMATION/change_L_analytic,(0.028475995407333237+0j),(0.02847599540733324+0j),(0.02847599540733324+0j),3.469446951953614e-18,PASS
HT_n1_b2/RESERVED_CONFIRMATION/small_nonzero_g,(1.9243178475687666e-17+0j),(1.9243178475687666e-17+0j),(1.9243178475687666e-17+0j),1.5407439555097887e-33,PASS
HT_n1_b2/RESERVED_CONFIRMATION/longer_legal_intervals,(8.12406752022459e-05+0j),(8.124067520224587e-05+0j),(8.124067520224587e-05+0j),2.710505431213761e-20,PASS
HT_n1_b2/RESERVED_CONFIRMATION/same_input_repeat,(0.03896743641326752+0j),(0.03896743641326752+0j),(0.03896743641326752+0j),2.168404344971009e-19,PASS
HT_n2_b2/DEV/base,(0.00644400418112769+0j),(0.006444004181127689+0j),(0.006444004181127689+0j),1.3010426069826053e-18,PASS
HT_n2_b2/DEV/change_k,(0.000248578186619277+0j),(0.00024857818661927695+0j),(0.00024857818661927695+0j),5.421010862427522e-20,PASS
HT_n2_b2/DEV/change_q,(0.000629394426983154+0j),(0.000629394426983154+0j),(0.000629394426983154+0j),5.421010862427522e-20,PASS
HT_n2_b2/DEV/change_tau,(0.008579996293040595+0j),(0.008579996293040595+0j),(0.008579996293040595+0j),8.673617379884035e-19,PASS
HT_n2_b2/DEV/change_t,(0.00644400418112769+0j),(0.006444004181127689+0j),(0.006444004181127689+0j),1.3010426069826053e-18,PASS
HT_n2_b2/DEV/change_omega,(0.005919722080324269+0j),(0.005919722080324269+0j),(0.005919722080324269+0j),1.3010426069826053e-18,PASS
HT_n2_b2/DEV/change_g,(0.037730965496448894+0j),(0.03773096549644889+0j),(0.03773096549644889+0j),6.938893903907228e-18,PASS
HT_n2_b2/DEV/g_zero,0j,0j,0j,0.0,PASS
HT_n2_b2/DEV/joint_parameters,(0.03054542590618666+0j),(0.030545425906186655+0j),(0.030545425906186655+0j),6.938893903907228e-18,PASS
HT_n2_b2/DEV/joint_sample,(0.0034097388298744537+0j),(0.0034097388298744537+0j),(0.0034097388298744537+0j),2.168404344971009e-19,PASS
HT_n2_b2/DEV/repeat_q_then_separate,(0.00644400418112769+0j),(0.006444004181127689+0j),(0.006444004181127689+0j),1.3010426069826053e-18,PASS
HT_n2_b2/DEV/repeat_dtau_then_separate,(0.00876174509442253+0j),(0.00876174509442253+0j),(0.00876174509442253+0j),5.421010862427522e-20,PASS
HT_n2_b2/DEV/change_L_analytic,(0.001611001045281922+0j),(0.0016110010452819218+0j),(0.0016110010452819218+0j),2.168404344971009e-19,PASS
HT_n2_b2/DEV/small_nonzero_g,(1.5714687836921663e-33+0j),(1.571468783692166e-33+0j),(1.571468783692166e-33+0j),3.4211388289180104e-49,PASS
HT_n2_b2/DEV/longer_legal_intervals,(0.005652111005649123+0j),(0.005652111005649123+0j),(0.005652111005649123+0j),8.673617379884035e-19,PASS
HT_n2_b2/DEV/same_input_repeat,(0.00644400418112769+0j),(0.006444004181127689+0j),(0.006444004181127689+0j),1.3010426069826053e-18,PASS
HT_n2_b2/RESERVED_CONFIRMATION/base,(0.010318770558122616+0j),(0.010318770558122616+0j),(0.010318770558122616+0j),8.673617379884035e-19,PASS
HT_n2_b2/RESERVED_CONFIRMATION/change_k,(0.011004974271947812+0j),(0.011004974271947812+0j),(0.011004974271947812+0j),8.673617379884035e-19,PASS
HT_n2_b2/RESERVED_CONFIRMATION/change_q,(0.010673353065580305+0j),(0.010673353065580305+0j),(0.010673353065580305+0j),1.6940658945086007e-21,PASS
HT_n2_b2/RESERVED_CONFIRMATION/change_tau,(0.0036882907367402737+0j),(0.0036882907367402737+0j),(0.0036882907367402737+0j),2.710505431213761e-20,PASS
HT_n2_b2/RESERVED_CONFIRMATION/change_t,(0.009172481219371729+0j),(0.00917248121937173+0j),(0.00917248121937173+0j),1.734723475976807e-18,PASS
HT_n2_b2/RESERVED_CONFIRMATION/change_omega,(0.010184611656043233+0j),(0.010184611656043233+0j),(0.010184611656043233+0j),8.673617379884035e-19,PASS
HT_n2_b2/RESERVED_CONFIRMATION/change_g,(0.06041851695790859+0j),(0.06041851695790859+0j),(0.06041851695790859+0j),3.469446951953614e-18,PASS
HT_n2_b2/RESERVED_CONFIRMATION/g_zero,0j,0j,0j,0.0,PASS
HT_n2_b2/RESERVED_CONFIRMATION/joint_parameters,(0.05477524635061343+0j),(0.05477524635061343+0j),(0.05477524635061343+0j),3.469446951953614e-18,PASS
HT_n2_b2/RESERVED_CONFIRMATION/joint_sample,(0.0014988697438296302+0j),(0.0014988697438296302+0j),(0.0014988697438296302+0j),1.0842021724855044e-19,PASS
HT_n2_b2/RESERVED_CONFIRMATION/repeat_q_then_separate,(0.010362680810932185+0j),(0.010362680810932185+0j),(0.010362680810932185+0j),8.673617379884035e-19,PASS
HT_n2_b2/RESERVED_CONFIRMATION/repeat_dtau_then_separate,(0.0028845365775113903+0j),(0.0028845365775113908+0j),(0.0028845365775113908+0j),4.336808689942018e-19,PASS
HT_n2_b2/RESERVED_CONFIRMATION/change_L_analytic,(0.002552503183872307+0j),(0.0025525031838723074+0j),(0.0025525031838723074+0j),4.336808689942018e-19,PASS
HT_n2_b2/RESERVED_CONFIRMATION/small_nonzero_g,(2.5163897108666645e-33+0j),(2.5163897108666645e-33+0j),(2.5163897108666645e-33+0j),1.7105694144590052e-49,PASS
HT_n2_b2/RESERVED_CONFIRMATION/longer_legal_intervals,(0.0014090569594888054+0j),(0.0014090569594888051+0j),(0.0014090569594888051+0j),2.168404344971009e-19,PASS
HT_n2_b2/RESERVED_CONFIRMATION/same_input_repeat,(0.010318770558122616+0j),(0.010318770558122616+0j),(0.010318770558122616+0j),8.673617379884035e-19,PASS
HT_n3_b2/DEV/base,(0.00040932218041703244+0j),(0.00040932218041703244+0j),(0.00040932218041703244+0j),2.710505431213761e-20,PASS
HT_n3_b2/DEV/change_k,(0.0009102124942993132+0j),(0.0009102124942993129+0j),(0.0009102124942993129+0j),2.168404344971009e-19,PASS
HT_n3_b2/DEV/change_q,(0.0007398536730820215+0j),(0.0007398536730820214+0j),(0.0007398536730820214+0j),1.0842021724855044e-19,PASS
HT_n3_b2/DEV/change_tau,(0.00030090088138308245+0j),(0.00030090088138308245+0j),(0.00030090088138308245+0j),4.235164736271502e-22,PASS
HT_n3_b2/DEV/change_t,(0.0003309070844467333+0j),(0.0003309070844467333+0j),(0.0003309070844467333+0j),2.710505431213761e-20,PASS
HT_n3_b2/DEV/change_omega,(0.0004821804650131172+0j),(0.0004821804650131171+0j),(0.0004821804650131171+0j),1.0842021724855044e-19,PASS
HT_n3_b2/DEV/change_g,(3.593500623688628e-05+0j),(3.593500623688628e-05+0j),(3.593500623688628e-05+0j),1.6940658945086007e-21,PASS
HT_n3_b2/DEV/g_zero,0j,0j,0j,0.0,PASS
HT_n3_b2/DEV/joint_parameters,(0.0033219446703468243+0j),(0.0033219446703468235+0j),(0.0033219446703468235+0j),8.673617379884035e-19,PASS
HT_n3_b2/DEV/joint_sample,(0.00036408216365036214+0j),(0.00036408216365036225+0j),(0.00036408216365036225+0j),1.0842021724855044e-19,PASS
HT_n3_b2/DEV/repeat_q_then_separate,(0.0003546414694451233+0j),(0.00035464146944512323+0j),(0.00035464146944512323+0j),5.421010862427522e-20,PASS
HT_n3_b2/DEV/repeat_dtau_then_separate,(0.0002883843878331988+0j),(0.0002883843878331988+0j),(0.0002883843878331988+0j),1.3552527156068805e-20,PASS
HT_n3_b2/DEV/change_L_analytic,(8.14163170570398e-05+0j),(8.141631705703978e-05+0j),(8.141631705703978e-05+0j),1.3552527156068805e-20,PASS
HT_n3_b2/DEV/small_nonzero_g,(4.929356136747086e-50+0j),(4.929356136747085e-50+0j),(4.929356136747085e-50+0j),9.495567745759799e-66,PASS
HT_n3_b2/DEV/longer_legal_intervals,(5.454462316621264e-05+0j),(5.4544623166212654e-05+0j),(5.4544623166212654e-05+0j),2.0328790734103208e-20,PASS
HT_n3_b2/DEV/same_input_repeat,(0.00040932218041703244+0j),(0.00040932218041703244+0j),(0.00040932218041703244+0j),2.710505431213761e-20,PASS
HT_n3_b2/RESERVED_CONFIRMATION/base,(0.0007830306400876019+0j),(0.0007830306400876019+0j),(0.0007830306400876019+0j),5.421010862427522e-20,PASS
HT_n3_b2/RESERVED_CONFIRMATION/change_k,(0.000339452350583895+0j),(0.00033945235058389505+0j),(0.00033945235058389505+0j),5.421010862427522e-20,PASS
HT_n3_b2/RESERVED_CONFIRMATION/change_q,(0.0009394992615027727+0j),(0.0009394992615027729+0j),(0.0009394992615027729+0j),2.168404344971009e-19,PASS
HT_n3_b2/RESERVED_CONFIRMATION/change_tau,(0.0005979946979025592+0j),(0.000597994697902559+0j),(0.000597994697902559+0j),2.168404344971009e-19,PASS
HT_n3_b2/RESERVED_CONFIRMATION/change_t,(0.0006946471373576199+0j),(0.0006946471373576198+0j),(0.0006946471373576198+0j),1.0842021724855044e-19,PASS
HT_n3_b2/RESERVED_CONFIRMATION/change_omega,(0.0009220860646722104+0j),(0.0009220860646722104+0j),(0.0009220860646722104+0j),1.0842021724855044e-19,PASS
HT_n3_b2/RESERVED_CONFIRMATION/change_g,(6.87434306798444e-05+0j),(6.874343067984438e-05+0j),(6.874343067984438e-05+0j),1.3552527156068805e-20,PASS
HT_n3_b2/RESERVED_CONFIRMATION/g_zero,0j,0j,0j,0.0,PASS
HT_n3_b2/RESERVED_CONFIRMATION/joint_parameters,(0.00742324286447455+0j),(0.007423242864474549+0j),(0.007423242864474549+0j),8.673617379884035e-19,PASS
HT_n3_b2/RESERVED_CONFIRMATION/joint_sample,(0.0002596161538042621+0j),(0.0002596161538042622+0j),(0.0002596161538042622+0j),1.0842021724855044e-19,PASS
HT_n3_b2/RESERVED_CONFIRMATION/repeat_q_then_separate,(0.0004285439342789798+0j),(0.0004285439342789797+0j),(0.0004285439342789797+0j),1.0842021724855044e-19,PASS
HT_n3_b2/RESERVED_CONFIRMATION/repeat_dtau_then_separate,(0.0005260737076381848+0j),(0.000526073707638185+0j),(0.000526073707638185+0j),2.168404344971009e-19,PASS
HT_n3_b2/RESERVED_CONFIRMATION/change_L_analytic,(4.53685074501383e-05+0j),(4.536850745013831e-05+0j),(4.536850745013831e-05+0j),6.776263578034403e-21,PASS
HT_n3_b2/RESERVED_CONFIRMATION/small_nonzero_g,(9.429825882008826e-50+0j),(9.429825882008828e-50+0j),(9.429825882008828e-50+0j),1.8991135491519597e-65,PASS
HT_n3_b2/RESERVED_CONFIRMATION/longer_legal_intervals,(0.000167662877518454+0j),(0.00016766287751845407+0j),(0.00016766287751845407+0j),8.131516293641283e-20,PASS
HT_n3_b2/RESERVED_CONFIRMATION/same_input_repeat,(0.0007830306400876019+0j),(0.0007830306400876019+0j),(0.0007830306400876019+0j),5.421010862427522e-20,PASS
