run,DMC_Method,Nmcmc_1e4,band_max,band_min,calc_mode,maxOrder,n_meas,prefix,sign_im,sign_re,temper_first_line
FEP-DMC-Data/FEP-DMC-Dataset/LiF-electron/E-nk/reference/20,0,1000,1,1,diagmc-EZ,500,600431,lif-sp3,0.0,0.9400030977747651,1 T
FEP-DMC-Data/FEP-DMC-Dataset/LiF-electron/E-nk/reference/40,0,1000,1,1,diagmc-EZ,500,600333,lif-sp3,0.0,0.9422087408155141,1 T
FEP-DMC-Data/FEP-DMC-Dataset/LiF-electron/E-nk/reference/60,0,1000,1,1,diagmc-EZ,500,600402,lif-sp3,0.0,0.9456630724081532,1 T
closure/2026-09-16-final/p1_confirm/runs/Bbest_r0,0,200,1,1,diagmc-EZ,500,15000,lif-sp3,0.0,0.9470666666666666,1 T
closure/2026-09-16-final/p1_confirm/runs/Bbest_r1,0,200,1,1,diagmc-EZ,500,15000,lif-sp3,0.0,0.9586666666666667,1 T
closure/2026-09-16-final/p1_confirm/runs/Bbest_r2,0,200,1,1,diagmc-EZ,500,15000,lif-sp3,0.0,0.9597333333333333,1 T
closure/2026-09-16-final/p1_confirm/runs/Bbest_r3,0,200,1,1,diagmc-EZ,500,15000,lif-sp3,0.0,0.9546666666666667,1 T
closure/2026-09-16-final/p1_confirm/runs/Bbest_r4,0,200,1,1,diagmc-EZ,500,15000,lif-sp3,0.0,0.9618666666666666,1 T
closure/2026-09-16-final/p1_confirm/runs/Bbest_r5,0,200,1,1,diagmc-EZ,500,15000,lif-sp3,0.0,0.9408,1 T
closure/2026-09-16-final/p1_confirm/runs/P1_r0,0,200,1,1,diagmc-EZ,500,15000,lif-sp3,0.0,0.9062666666666667,1 T
closure/2026-09-16-final/p1_confirm/runs/P1_r1,0,200,1,1,diagmc-EZ,500,15000,lif-sp3,0.0,0.96,1 T
closure/2026-09-16-final/p1_confirm/runs/P1_r2,0,200,1,1,diagmc-EZ,500,15000,lif-sp3,0.0,0.9409333333333333,1 T
closure/2026-09-16-final/p1_confirm/runs/P1_r3,0,200,1,1,diagmc-EZ,500,15000,lif-sp3,0.0,0.9522666666666667,1 T
closure/2026-09-16-final/p1_confirm/runs/P1_r4,0,200,1,1,diagmc-EZ,500,15000,lif-sp3,0.0,0.9436,1 T
closure/2026-09-16-final/p1_confirm/runs/P1_r5,0,200,1,1,diagmc-EZ,500,15000,lif-sp3,0.0,0.9548,1 T
closure/2026-09-16-final/p1_fixture/off,0,10,1,1,diagmc-EZ,500,750,lif-sp3,0.0,0.9626666666666667,1 T
closure/2026-09-16-final/p1_fixture/on,0,10,1,1,diagmc-EZ,500,750,lif-sp3,0.0,0.9253333333333333,1 T
prototypes/r5_p0_native_chain_audit/FEP-DMC-src/example/E-nk/reference/20,0,1000,1,1,diagmc-EZ,500,600431,lif-sp3,0.0,0.9400030977747651,1 T
prototypes/r5_p0_native_chain_audit/FEP-DMC-src/example/E-nk/reference/40,0,1000,1,1,diagmc-EZ,500,600333,lif-sp3,0.0,0.9422087408155141,1 T
prototypes/r5_p0_native_chain_audit/FEP-DMC-src/example/E-nk/reference/60,0,1000,1,1,diagmc-EZ,500,600402,lif-sp3,0.0,0.9456630724081532,1 T
research/luo_energy_1pct/2026-09-11/runs/prep/ez-smoke,0,1,1,1,diagmc-EZ,500,75,lif-sp3,0.0,1.0,1 T
research/luo_energy_1pct/2026-09-11/runs/profile/detailed,0,10,1,1,diagmc-EZ,500,750,lif-sp3,0.0,0.9946666666666667,1 T
research/luo_energy_1pct/2026-09-11/runs/profile/off,0,10,1,1,diagmc-EZ,500,750,lif-sp3,0.0,0.9653333333333334,1 T
research/luo_energy_1pct/2026-09-11/runs/profile/on,0,10,1,1,diagmc-EZ,500,750,lif-sp3,0.0,0.9946666666666667,1 T
research/luo_energy_1pct/2026-09-12_review/runs/baseline_s0,0,10,1,1,diagmc-EZ,500,750,lif-sp3,0.0,0.96,1 T
research/luo_energy_1pct/2026-09-12_review/runs/fast_s0,0,10,1,1,diagmc-EZ,500,750,lif-sp3,0.0,0.96,1 T
research/luo_energy_1pct/2026-09-12_review/runs/official_B0,0,1000,1,1,diagmc-EZ,500,75000,lif-sp3,0.0,0.9529333333333333,1 T
research/luo_energy_1pct/2026-09-12_review/runs/official_fast,0,1000,1,1,diagmc-EZ,500,75000,lif-sp3,0.0,0.9529333333333333,1 T
research/luo_energy_1pct/2026-09-12_review/runs/pilot_s1_m0,0,100,1,1,diagmc-EZ,500,7500,lif-sp3,0.0,0.9605333333333334,1 T
research/luo_energy_1pct/2026-09-12_review/runs/pilot_s1_m1,0,100,1,1,diagmc-EZ,500,7500,lif-sp3,0.0,0.9605333333333334,1 T
research/luo_energy_1pct/2026-09-12_review/runs/pilot_s2_m0,0,100,1,1,diagmc-EZ,500,7500,lif-sp3,0.0,0.9530666666666666,1 T
research/luo_energy_1pct/2026-09-12_review/runs/pilot_s2_m1,0,100,1,1,diagmc-EZ,500,7500,lif-sp3,0.0,0.9530666666666666,1 T
research/luo_energy_1pct/2026-09-12_review/runs/pilot_s3_m0,0,100,1,1,diagmc-EZ,500,7500,lif-sp3,0.0,0.9346666666666666,1 T
research/luo_energy_1pct/2026-09-12_review/runs/pilot_s3_m1,0,100,1,1,diagmc-EZ,500,7500,lif-sp3,0.0,0.9346666666666666,1 T
research/luo_energy_1pct/2026-09-12_review/runs/pilot_s4_m0,0,100,1,1,diagmc-EZ,500,7500,lif-sp3,0.0,0.9530666666666666,1 T
research/luo_energy_1pct/2026-09-12_review/runs/pilot_s4_m1,0,100,1,1,diagmc-EZ,500,7500,lif-sp3,0.0,0.9530666666666666,1 T
research/luo_energy_1pct/2026-09-12_review/runs/pilot_s5_m0,0,100,1,1,diagmc-EZ,500,7500,lif-sp3,0.0,0.9346666666666666,1 T
research/luo_energy_1pct/2026-09-12_review/runs/pilot_s5_m1,0,100,1,1,diagmc-EZ,500,7500,lif-sp3,0.0,0.9346666666666666,1 T
research/luo_energy_1pct/2026-09-12_review/runs/shadow_s0,0,10,1,1,diagmc-EZ,500,750,lif-sp3,0.0,0.96,1 T
research/luo_energy_1pct/2026-09-12_review/runs/unbuffered_s0,0,10,1,1,diagmc-EZ,500,750,lif-sp3,0.0,0.96,1 T
research/mainline/CLOSURE/2026-09-14/runs/night1/C0/off_runs/s0_baseline_off,0,1,1,1,diagmc-EZ,500,75,lif-sp3,0.0,1.0,1 T
research/mainline/CLOSURE/2026-09-14/runs/night1/C0/off_runs/s0_candidate_off,0,1,1,1,diagmc-EZ,500,75,lif-sp3,0.0,1.0,1 T
research/mainline/CLOSURE/2026-09-14/runs/night1/C0/off_runs/s0_candidate_shadow,0,1,1,1,diagmc-EZ,500,75,lif-sp3,0.0,1.0,1 T
research/mainline/CLOSURE/2026-09-14/runs/night1/C0/off_runs/s1_baseline_off,0,1,1,1,diagmc-EZ,500,75,lif-sp3,0.0,1.0,1 T
research/mainline/CLOSURE/2026-09-14/runs/night1/C0/off_runs/s1_candidate_off,0,1,1,1,diagmc-EZ,500,75,lif-sp3,0.0,1.0,1 T
research/mainline/CLOSURE/2026-09-14/runs/night1/C0/off_runs/s1_candidate_shadow,0,1,1,1,diagmc-EZ,500,75,lif-sp3,0.0,1.0,1 T
research/mainline/CLOSURE/2026-09-14/runs/night1/C0/repair_v1/off_runs/s0_baseline_off,0,1,1,1,diagmc-EZ,500,75,lif-sp3,0.0,1.0,1 T
research/mainline/CLOSURE/2026-09-14/runs/night1/C0/repair_v1/off_runs/s0_candidate_off,0,1,1,1,diagmc-EZ,500,75,lif-sp3,0.0,1.0,1 T
research/mainline/CLOSURE/2026-09-14/runs/night1/C0/repair_v1/off_runs/s0_candidate_shadow,0,1,1,1,diagmc-EZ,500,75,lif-sp3,0.0,1.0,1 T
research/mainline/CLOSURE/2026-09-14/runs/night1/C0/repair_v1/off_runs/s1_baseline_off,0,1,1,1,diagmc-EZ,500,75,lif-sp3,0.0,1.0,1 T
research/mainline/CLOSURE/2026-09-14/runs/night1/C0/repair_v1/off_runs/s1_candidate_off,0,1,1,1,diagmc-EZ,500,75,lif-sp3,0.0,1.0,1 T
research/mainline/CLOSURE/2026-09-14/runs/night1/C0/repair_v1/off_runs/s1_candidate_shadow,0,1,1,1,diagmc-EZ,500,75,lif-sp3,0.0,1.0,1 T
research/mainline/CLOSURE/2026-09-14/runs/night1/C0/repair_v2/off_runs/s0_baseline_off,0,1,1,1,diagmc-EZ,500,75,lif-sp3,0.0,1.0,1 T
research/mainline/CLOSURE/2026-09-14/runs/night1/C0/repair_v2/off_runs/s0_candidate_off,0,1,1,1,diagmc-EZ,500,75,lif-sp3,0.0,1.0,1 T
research/mainline/CLOSURE/2026-09-14/runs/night1/C0/repair_v2/off_runs/s0_candidate_shadow,0,1,1,1,diagmc-EZ,500,75,lif-sp3,0.0,1.0,1 T
research/mainline/CLOSURE/2026-09-14/runs/night1/C0/repair_v2/off_runs/s1_baseline_off,0,1,1,1,diagmc-EZ,500,75,lif-sp3,0.0,1.0,1 T
research/mainline/CLOSURE/2026-09-14/runs/night1/C0/repair_v2/off_runs/s1_candidate_off,0,1,1,1,diagmc-EZ,500,75,lif-sp3,0.0,1.0,1 T
research/mainline/CLOSURE/2026-09-14/runs/night1/C0/repair_v2/off_runs/s1_candidate_shadow,0,1,1,1,diagmc-EZ,500,75,lif-sp3,0.0,1.0,1 T
research/mainline/CLOSURE/2026-09-14/runs/night1/C1/runs/s0_coarse,0,100,1,1,diagmc-EZ,500,7500,lif-sp3,0.0,0.9349333333333333,1 T
research/mainline/CLOSURE/2026-09-14/runs/night1/C1/runs/s0_detail,0,100,1,1,diagmc-EZ,500,7500,lif-sp3,0.0,0.9349333333333333,1 T
research/mainline/CLOSURE/2026-09-14/runs/night1/C1/runs/s0_detail_sparse,0,100,1,1,diagmc-EZ,500,7500,lif-sp3,0.0,0.9349333333333333,1 T
research/mainline/CLOSURE/2026-09-14/runs/night1/C1/runs/s0_off,0,100,1,1,diagmc-EZ,500,7500,lif-sp3,0.0,0.9349333333333333,1 T
research/mainline/CLOSURE/2026-09-14/runs/night1/C1/runs/s1_coarse,0,100,1,1,diagmc-EZ,500,7500,lif-sp3,0.0,0.9482666666666667,1 T
research/mainline/CLOSURE/2026-09-14/runs/night1/C1/runs/s1_detail,0,100,1,1,diagmc-EZ,500,7500,lif-sp3,0.0,0.9482666666666667,1 T
research/mainline/CLOSURE/2026-09-14/runs/night1/C1/runs/s1_detail_sparse,0,100,1,1,diagmc-EZ,500,7500,lif-sp3,0.0,0.9482666666666667,1 T
research/mainline/CLOSURE/2026-09-14/runs/night1/C1/runs/s1_off,0,100,1,1,diagmc-EZ,500,7500,lif-sp3,0.0,0.9482666666666667,1 T
research/mainline/CLOSURE/2026-09-14/runs/night1/C1/runs/s2_coarse,0,100,1,1,diagmc-EZ,500,7500,lif-sp3,0.0,0.9493333333333334,1 T
research/mainline/CLOSURE/2026-09-14/runs/night1/C1/runs/s2_detail,0,100,1,1,diagmc-EZ,500,7500,lif-sp3,0.0,0.9493333333333334,1 T
research/mainline/CLOSURE/2026-09-14/runs/night1/C1/runs/s2_detail_sparse,0,100,1,1,diagmc-EZ,500,7500,lif-sp3,0.0,0.9493333333333334,1 T
research/mainline/CLOSURE/2026-09-14/runs/night1/C1/runs/s2_off,0,100,1,1,diagmc-EZ,500,7500,lif-sp3,0.0,0.9493333333333334,1 T
research/mainline/CLOSURE/2026-09-14/runs/night1/C1/runs/s3_coarse,0,100,1,1,diagmc-EZ,500,7500,lif-sp3,0.0,0.9629333333333333,1 T
research/mainline/CLOSURE/2026-09-14/runs/night1/C1/runs/s3_detail,0,100,1,1,diagmc-EZ,500,7500,lif-sp3,0.0,0.9629333333333333,1 T
research/mainline/CLOSURE/2026-09-14/runs/night1/C1/runs/s3_detail_sparse,0,100,1,1,diagmc-EZ,500,7500,lif-sp3,0.0,0.9629333333333333,1 T
research/mainline/CLOSURE/2026-09-14/runs/night1/C1/runs/s3_off,0,100,1,1,diagmc-EZ,500,7500,lif-sp3,0.0,0.9629333333333333,1 T
research/mainline/CLOSURE/2026-09-14/runs/night1/C2/runs/c2_a1_force,0,1,1,1,diagmc-EZ,500,75,lif-sp3,0.0,1.0,1 T
research/mainline/CLOSURE/2026-09-14/runs/night1/C2/runs/c2_p1_on,0,10,1,1,diagmc-EZ,500,750,lif-sp3,0.0,0.992,1 T
research/mainline/CLOSURE/2026-09-14/runs/night1/C2_fixture/runs/on,0,10,1,1,diagmc-EZ,500,750,lif-sp3,0.0,0.9253333333333333,1 T
research/mainline/CLOSURE/2026-09-14/runs/night1/C2_tonight/runs/a1_force,0,1,1,1,diagmc-EZ,500,75,lif-sp3,0.0,1.0,1 T
research/mainline/CLOSURE/2026-09-14/runs/night1/C2_tonight/runs/off,0,10,1,1,diagmc-EZ,500,750,lif-sp3,0.0,0.9813333333333333,1 T
research/mainline/CLOSURE/2026-09-14/runs/night1/C2_tonight/runs/on,0,10,1,1,diagmc-EZ,500,750,lif-sp3,0.0,0.9306666666666666,1 T
research/mainline/CLOSURE/2026-09-14/runs/night1/C2_tonight/runs/shadow,0,10,1,1,diagmc-EZ,500,750,lif-sp3,0.0,0.9813333333333333,1 T
research/mainline/CLOSURE/2026-09-14/runs/night1/C3/runs/s0,0,10,1,1,diagmc-EZ,500,750,lif-sp3,0.0,0.8826666666666667,1 T
research/mainline/CLOSURE/2026-09-14/runs/night1/C3/runs/s1,0,10,1,1,diagmc-EZ,500,750,lif-sp3,0.0,0.888,1 T
research/mainline/CLOSURE/2026-09-14/runs/night1/C3/runs/s2,0,10,1,1,diagmc-EZ,500,750,lif-sp3,0.0,1.0,1 T
research/mainline/CLOSURE/2026-09-14/runs/night1/C3/runs/s3,0,10,1,1,diagmc-EZ,500,750,lif-sp3,0.0,0.9786666666666667,1 T
research/mainline/CLOSURE/2026-09-14/runs/night1/C3/runs/s4,0,10,1,1,diagmc-EZ,500,750,lif-sp3,0.0,0.9866666666666667,1 T
research/mainline/CLOSURE/2026-09-14/runs/night1/C3/runs/s5,0,10,1,1,diagmc-EZ,500,750,lif-sp3,0.0,0.9466666666666667,1 T
research/mainline/CLOSURE/2026-09-14/runs/night1/C3/runs/s6,0,10,1,1,diagmc-EZ,500,750,lif-sp3,0.0,0.9093333333333333,1 T
research/mainline/CLOSURE/2026-09-14/runs/night1/C3/runs/s7,0,10,1,1,diagmc-EZ,500,750,lif-sp3,0.0,0.928,1 T
research/mainline/CLOSURE/2026-09-14/runs/night1/C5/runs/on_0,0,10,1,1,diagmc-EZ,500,750,lif-sp3,0.0,0.9946666666666667,1 T
research/mainline/CLOSURE/2026-09-14/runs/night1/C5/runs/on_1,0,10,1,1,diagmc-EZ,500,750,lif-sp3,0.0,0.9973333333333333,1 T
research/mainline/CLOSURE/2026-09-14/runs/night1/C5_dev/runs/B0_r0,0,200,1,1,diagmc-EZ,500,15000,lif-sp3,0.0,0.9232,1 T
research/mainline/CLOSURE/2026-09-14/runs/night1/C5_dev/runs/B0_r1,0,200,1,1,diagmc-EZ,500,15000,lif-sp3,0.0,0.9701333333333333,1 T
research/mainline/CLOSURE/2026-09-14/runs/night1/C5_dev/runs/B0_r2,0,200,1,1,diagmc-EZ,500,15000,lif-sp3,0.0,0.9597333333333333,1 T
research/mainline/CLOSURE/2026-09-14/runs/night1/C5_dev/runs/B0_r3,0,200,1,1,diagmc-EZ,500,15000,lif-sp3,0.0,0.9485333333333333,1 T
research/mainline/CLOSURE/2026-09-14/runs/night1/C5_dev/runs/B0_r4,0,200,1,1,diagmc-EZ,500,15000,lif-sp3,0.0,0.9604,1 T
research/mainline/CLOSURE/2026-09-14/runs/night1/C5_dev/runs/B0_r5,0,200,1,1,diagmc-EZ,500,15000,lif-sp3,0.0,0.9528,1 T
research/mainline/CLOSURE/2026-09-14/runs/night1/C5_dev/runs/Bbest_r0,0,200,1,1,diagmc-EZ,500,15000,lif-sp3,0.0,0.9532,1 T
research/mainline/CLOSURE/2026-09-14/runs/night1/C5_dev/runs/Bbest_r1,0,200,1,1,diagmc-EZ,500,15000,lif-sp3,0.0,0.962,1 T
research/mainline/CLOSURE/2026-09-14/runs/night1/C5_dev/runs/Bbest_r2,0,200,1,1,diagmc-EZ,500,15000,lif-sp3,0.0,0.9606666666666667,1 T
research/mainline/CLOSURE/2026-09-14/runs/night1/C5_dev/runs/Bbest_r3,0,200,1,1,diagmc-EZ,500,15000,lif-sp3,0.0,0.9649333333333333,1 T
research/mainline/CLOSURE/2026-09-14/runs/night1/C5_dev/runs/Bbest_r4,0,200,1,1,diagmc-EZ,500,15000,lif-sp3,0.0,0.8796,1 T
research/mainline/CLOSURE/2026-09-14/runs/night1/C5_dev/runs/Bbest_r5,0,200,1,1,diagmc-EZ,500,15000,lif-sp3,0.0,0.9694666666666667,1 T
research/mainline/CLOSURE/2026-09-14/runs/night1/C5_dev/runs/P1_r0,0,200,1,1,diagmc-EZ,500,15000,lif-sp3,0.0,0.9593333333333334,1 T
research/mainline/CLOSURE/2026-09-14/runs/night1/C5_dev/runs/P1_r1,0,200,1,1,diagmc-EZ,500,15000,lif-sp3,0.0,0.9528,1 T
research/mainline/CLOSURE/2026-09-14/runs/night1/C5_dev/runs/P1_r2,0,200,1,1,diagmc-EZ,500,15000,lif-sp3,0.0,0.8793333333333333,1 T
research/mainline/CLOSURE/2026-09-14/runs/night1/C5_dev/runs/P1_r3,0,200,1,1,diagmc-EZ,500,15000,lif-sp3,0.0,0.9522666666666667,1 T
research/mainline/CLOSURE/2026-09-14/runs/night1/C5_dev/runs/P1_r4,0,200,1,1,diagmc-EZ,500,15000,lif-sp3,0.0,0.9013333333333333,1 T
research/mainline/CLOSURE/2026-09-14/runs/night1/C5_dev/runs/P1_r5,0,200,1,1,diagmc-EZ,500,15000,lif-sp3,0.0,0.9409333333333333,1 T
research/mainline/CLOSURE/2026-09-14/runs/night1/C6/runs/base_0,0,100,1,1,diagmc-EZ,500,7500,lif-sp3,0.0,0.9629333333333333,1 T
research/mainline/CLOSURE/2026-09-14/runs/night1/C6/runs/base_1,0,100,1,1,diagmc-EZ,500,7500,lif-sp3,0.0,0.964,1 T
research/mainline/CLOSURE/2026-09-14/runs/night1/C6/runs/cap2_label_only_4,0,100,1,1,diagmc-EZ,500,7500,lif-sp3,0.0,0.9349333333333333,1 T
research/mainline/CLOSURE/2026-09-14/runs/night1/C6/runs/cap2_label_only_5,0,100,1,1,diagmc-EZ,500,7500,lif-sp3,0.0,0.948,1 T
research/mainline/CLOSURE/2026-09-14/runs/night1/C6/runs/tau2_label_only_2,0,100,1,1,diagmc-EZ,500,7500,lif-sp3,0.0,0.9421333333333334,1 T
research/mainline/CLOSURE/2026-09-14/runs/night1/C6/runs/tau2_label_only_3,0,100,1,1,diagmc-EZ,500,7500,lif-sp3,0.0,0.9554666666666667,1 T
research/mainline/CLOSURE/2026-09-14/runs/night1/C7/runs/b0_0,0,100,1,1,diagmc-EZ,500,7500,lif-sp3,0.0,0.96,1 T
research/mainline/CLOSURE/2026-09-14/runs/night1/C7/runs/b0_1,0,100,1,1,diagmc-EZ,500,7500,lif-sp3,0.0,0.8306666666666667,1 T
research/mainline/CLOSURE/2026-09-14/runs/night1/C7/runs/bbest_0,0,100,1,1,diagmc-EZ,500,7500,lif-sp3,0.0,0.96,1 T
research/mainline/CLOSURE/2026-09-14/runs/night1/C7/runs/bbest_1,0,100,1,1,diagmc-EZ,500,7500,lif-sp3,0.0,0.8306666666666667,1 T
research/mainline/CLOSURE/_advisor_pack/FutureB_导师材料_2026-09-16/experiments/C1/sample/s0_coarse,0,100,1,1,diagmc-EZ,500,7500,lif-sp3,0.0,0.9349333333333333,1 T
research/mainline/CLOSURE/_advisor_pack/FutureB_导师材料_2026-09-16/experiments/C1/sample/s0_detail,0,100,1,1,diagmc-EZ,500,7500,lif-sp3,0.0,0.9349333333333333,1 T
research/mainline/CLOSURE/_advisor_pack/FutureB_导师材料_2026-09-16/experiments/C2_fixture/on,0,10,1,1,diagmc-EZ,500,750,lif-sp3,0.0,0.9253333333333333,1 T
research/mainline/CLOSURE/_advisor_pack/FutureB_导师材料_2026-09-16/experiments/C2_tonight/off,0,10,1,1,diagmc-EZ,500,750,lif-sp3,0.0,0.9813333333333333,1 T
research/mainline/CLOSURE/_advisor_pack/FutureB_导师材料_2026-09-16/experiments/C2_tonight/shadow,0,10,1,1,diagmc-EZ,500,750,lif-sp3,0.0,0.9813333333333333,1 T
research/mainline/CLOSURE/_advisor_pack/FutureB_导师材料_2026-09-16/experiments/C5_dev/runs/B0_r0,0,200,1,1,diagmc-EZ,500,15000,lif-sp3,0.0,0.9232,1 T
research/mainline/CLOSURE/_advisor_pack/FutureB_导师材料_2026-09-16/experiments/C5_dev/runs/B0_r1,0,200,1,1,diagmc-EZ,500,15000,lif-sp3,0.0,0.9701333333333333,1 T
research/mainline/CLOSURE/_advisor_pack/FutureB_导师材料_2026-09-16/experiments/C5_dev/runs/B0_r2,0,200,1,1,diagmc-EZ,500,15000,lif-sp3,0.0,0.9597333333333333,1 T
research/mainline/CLOSURE/_advisor_pack/FutureB_导师材料_2026-09-16/experiments/C5_dev/runs/B0_r3,0,200,1,1,diagmc-EZ,500,15000,lif-sp3,0.0,0.9485333333333333,1 T
research/mainline/CLOSURE/_advisor_pack/FutureB_导师材料_2026-09-16/experiments/C5_dev/runs/B0_r4,0,200,1,1,diagmc-EZ,500,15000,lif-sp3,0.0,0.9604,1 T
research/mainline/CLOSURE/_advisor_pack/FutureB_导师材料_2026-09-16/experiments/C5_dev/runs/B0_r5,0,200,1,1,diagmc-EZ,500,15000,lif-sp3,0.0,0.9528,1 T
research/mainline/CLOSURE/_advisor_pack/FutureB_导师材料_2026-09-16/experiments/C5_dev/runs/Bbest_r0,0,200,1,1,diagmc-EZ,500,15000,lif-sp3,0.0,0.9532,1 T
research/mainline/CLOSURE/_advisor_pack/FutureB_导师材料_2026-09-16/experiments/C5_dev/runs/Bbest_r1,0,200,1,1,diagmc-EZ,500,15000,lif-sp3,0.0,0.962,1 T
research/mainline/CLOSURE/_advisor_pack/FutureB_导师材料_2026-09-16/experiments/C5_dev/runs/Bbest_r2,0,200,1,1,diagmc-EZ,500,15000,lif-sp3,0.0,0.9606666666666667,1 T
research/mainline/CLOSURE/_advisor_pack/FutureB_导师材料_2026-09-16/experiments/C5_dev/runs/Bbest_r3,0,200,1,1,diagmc-EZ,500,15000,lif-sp3,0.0,0.9649333333333333,1 T
research/mainline/CLOSURE/_advisor_pack/FutureB_导师材料_2026-09-16/experiments/C5_dev/runs/Bbest_r4,0,200,1,1,diagmc-EZ,500,15000,lif-sp3,0.0,0.8796,1 T
research/mainline/CLOSURE/_advisor_pack/FutureB_导师材料_2026-09-16/experiments/C5_dev/runs/Bbest_r5,0,200,1,1,diagmc-EZ,500,15000,lif-sp3,0.0,0.9694666666666667,1 T
research/mainline/CLOSURE/_advisor_pack/FutureB_导师材料_2026-09-16/experiments/C5_dev/runs/P1_r0,0,200,1,1,diagmc-EZ,500,15000,lif-sp3,0.0,0.9593333333333334,1 T
research/mainline/CLOSURE/_advisor_pack/FutureB_导师材料_2026-09-16/experiments/C5_dev/runs/P1_r1,0,200,1,1,diagmc-EZ,500,15000,lif-sp3,0.0,0.9528,1 T
research/mainline/CLOSURE/_advisor_pack/FutureB_导师材料_2026-09-16/experiments/C5_dev/runs/P1_r2,0,200,1,1,diagmc-EZ,500,15000,lif-sp3,0.0,0.8793333333333333,1 T
research/mainline/CLOSURE/_advisor_pack/FutureB_导师材料_2026-09-16/experiments/C5_dev/runs/P1_r3,0,200,1,1,diagmc-EZ,500,15000,lif-sp3,0.0,0.9522666666666667,1 T
research/mainline/CLOSURE/_advisor_pack/FutureB_导师材料_2026-09-16/experiments/C5_dev/runs/P1_r4,0,200,1,1,diagmc-EZ,500,15000,lif-sp3,0.0,0.9013333333333333,1 T
research/mainline/CLOSURE/_advisor_pack/FutureB_导师材料_2026-09-16/experiments/C5_dev/runs/P1_r5,0,200,1,1,diagmc-EZ,500,15000,lif-sp3,0.0,0.9409333333333333,1 T
research/mainline/LINEAR/2026-09-14/recovery/runs/off_baseline,0,1,1,1,diagmc-EZ,500,75,lif-sp3,0.0,1.0,1 T
research/mainline/LINEAR/2026-09-14/recovery/runs/off_candidate,0,1,1,1,diagmc-EZ,500,75,lif-sp3,0.0,1.0,1 T
research/mainline/LINEAR/2026-09-14/recovery/runs/shadow_prop_0,0,20,1,1,diagmc-EZ,500,1500,lif-sp3,0.0,0.976,1 T
research/mainline/LINEAR/2026-09-14/recovery/runs/shadow_prop_1,0,20,1,1,diagmc-EZ,500,1500,lif-sp3,0.0,0.988,1 T
research/mainline/QREF/2026-09-13/runs/dev_b0_01,0,2000,1,1,diagmc-EZ,500,150000,lif-sp3,0.0,0.9369333333333333,1 T
research/mainline/QREF/2026-09-13/runs/dev_b0_02,0,2000,1,1,diagmc-EZ,500,150000,lif-sp3,0.0,0.94508,1 T
research/mainline/QREF/2026-09-13/runs/dev_b0_03,0,2000,1,1,diagmc-EZ,500,150000,lif-sp3,0.0,0.9223466666666666,1 T
research/mainline/QREF/2026-09-13/runs/dev_b0_04,0,2000,1,1,diagmc-EZ,500,150000,lif-sp3,0.0,0.9577733333333334,1 T
research/mainline/QREF/2026-09-13/runs/reference_b0_01,0,2000,1,1,diagmc-EZ,500,150000,lif-sp3,0.0,0.9486666666666667,1 T
research/mainline/QREF/2026-09-13/runs/reference_b0_02,0,2000,1,1,diagmc-EZ,500,150000,lif-sp3,0.0,0.9383866666666667,1 T
research/mainline/QREF/2026-09-13/runs/reference_b0_03,0,2000,1,1,diagmc-EZ,500,150000,lif-sp3,0.0,0.9483066666666666,1 T
research/mainline/QREF/2026-09-13/runs/reference_b0_04,0,2000,1,1,diagmc-EZ,500,150000,lif-sp3,0.0,0.9089066666666666,1 T
research/mainline/QREF/2026-09-13/runs/reference_b0_05,0,2000,1,1,diagmc-EZ,500,150000,lif-sp3,0.0,0.9446666666666667,1 T
research/mainline/QREF/2026-09-13/runs/reference_b0_06,0,2000,1,1,diagmc-EZ,500,150000,lif-sp3,0.0,0.9458133333333333,1 T
research/mainline/QREF/2026-09-13/runs/reference_b0_07,0,2000,1,1,diagmc-EZ,500,150000,lif-sp3,0.0,0.95176,1 T
research/mainline/QREF/2026-09-13/runs/reference_b0_08,0,2000,1,1,diagmc-EZ,500,150000,lif-sp3,0.0,0.9487333333333333,1 T
research/mainline/QREF/2026-09-13/runs/reference_b0_09,0,2000,1,1,diagmc-EZ,500,150000,lif-sp3,0.0,0.9493866666666667,1 T
research/mainline/QREF/2026-09-13/runs/reference_b0_10,0,2000,1,1,diagmc-EZ,500,150000,lif-sp3,0.0,0.9530933333333333,1 T
research/mainline/QREF/2026-09-13/runs/reference_b0_11,0,2000,1,1,diagmc-EZ,500,150000,lif-sp3,0.0,0.8971733333333334,1 T
research/mainline/QREF/2026-09-13/runs/reference_b0_12,0,2000,1,1,diagmc-EZ,500,150000,lif-sp3,0.0,0.9478133333333333,1 T
research/mainline/QREF/2026-09-13/runs/reference_b0_13,0,2000,1,1,diagmc-EZ,500,150000,lif-sp3,0.0,0.949,1 T
research/mainline/QREF/2026-09-13/runs/reference_b0_14,0,2000,1,1,diagmc-EZ,500,150000,lif-sp3,0.0,0.9474133333333333,1 T
research/mainline/QREF/2026-09-13/runs/reference_b0_15,0,2000,1,1,diagmc-EZ,500,150000,lif-sp3,0.0,0.93644,1 T
research/mainline/QREF/2026-09-13/runs/reference_b0_16,0,2000,1,1,diagmc-EZ,500,150000,lif-sp3,0.0,0.9413333333333334,1 T
research/mainline/QREF/2026-09-13/runs/reference_b0_17,0,2000,1,1,diagmc-EZ,500,150000,lif-sp3,0.0,0.93668,1 T
research/mainline/QREF/2026-09-13/runs/reference_b0_18,0,2000,1,1,diagmc-EZ,500,150000,lif-sp3,0.0,0.95096,1 T
research/mainline/QREF/2026-09-13/runs/reference_b0_19,0,2000,1,1,diagmc-EZ,500,150000,lif-sp3,0.0,0.9512666666666667,1 T
research/mainline/QREF/2026-09-13/runs/reference_b0_20,0,2000,1,1,diagmc-EZ,500,150000,lif-sp3,0.0,0.9518266666666667,1 T
research/mainline/QREF/2026-09-13/runs/reference_b0_21,0,2000,1,1,diagmc-EZ,500,150000,lif-sp3,0.0,0.9496666666666667,1 T
research/mainline/QREF/2026-09-13/runs/reference_b0_22,0,2000,1,1,diagmc-EZ,500,150000,lif-sp3,0.0,0.94964,1 T
research/mainline/QREF/2026-09-13/runs/reference_b0_23,0,2000,1,1,diagmc-EZ,500,150000,lif-sp3,0.0,0.95192,1 T
research/mainline/QREF/2026-09-13/runs/reference_b0_24,0,2000,1,1,diagmc-EZ,500,150000,lif-sp3,0.0,0.9477066666666667,1 T
research/mainline/QREF/2026-09-13/runs/reference_b0_25,0,2000,1,1,diagmc-EZ,500,150000,lif-sp3,0.0,0.9526266666666666,1 T
research/mainline/QREF/2026-09-13/runs/reference_b0_26,0,2000,1,1,diagmc-EZ,500,150000,lif-sp3,0.0,0.9530666666666666,1 T
research/scheme_d_physics_first/2026-09-12/agents/F25/runs/diag_B0_s20263001,0,2000,1,1,diagmc-EZ,500,150000,lif-sp3,0.0,0.9509066666666667,1 T
